X,CH1,CH2,Start,Increment,
Sequence,Volt,Volt,-3.000000e-02,5.000000e-05
0,1.20e-02,1.60e-02,
1,-1.60e-02,-1.00e-02,
2,1.20e-02,1.40e-02,
3,-1.60e-02,-8.00e-03,
4,-1.60e-02,-1.00e-02,
5,1.60e-02,1.60e-02,
6,-1.60e-02,1.40e-02,
7,1.20e-02,-1.00e-02,
8,-1.60e-02,-1.00e-02,
9,1.60e-02,1.40e-02,
10,-1.60e-02,1.60e-02,
11,1.60e-02,-8.00e-03,
12,1.20e-02,1.40e-02,
13,-1.60e-02,-1.00e-02,
14,-1.60e-02,1.40e-02,
15,1.60e-02,-1.00e-02,
16,-6.00e-02,2.00e-02,
17,2.80e-02,-1.20e-02,
18,-5.48e-01,2.56e-01,
19,4.72e-01,-2.54e-01,
20,-1.60e-02,1.40e-02,
21,1.60e-02,-1.00e-02,
22,1.60e-02,1.40e-02,
23,-1.60e-02,-1.00e-02,
24,-1.60e-02,-1.00e-02,
25,1.60e-02,1.60e-02,
26,-1.60e-02,1.40e-02,
27,1.60e-02,-8.00e-03,
28,-1.60e-02,-8.00e-03,
29,1.60e-02,1.60e-02,
30,-1.60e-02,-1.00e-02,
31,1.20e-02,1.60e-02,
32,1.20e-02,1.40e-02,
33,-1.60e-02,-8.00e-03,
34,-1.60e-02,-1.00e-02,
35,1.60e-02,1.40e-02,
36,-1.60e-02,-8.00e-03,
37,1.60e-02,1.60e-02,
38,-2.24e-01,1.58e-01,
39,2.48e-01,-2.54e-01,
40,-1.60e-02,1.60e-02,
41,1.60e-02,-1.00e-02,
42,-1.60e-02,-1.00e-02,
43,1.60e-02,1.60e-02,
44,-1.60e-02,1.40e-02,
45,1.60e-02,-1.00e-02,
46,1.20e-02,-8.00e-03,
47,-1.60e-02,1.40e-02,
48,-1.60e-02,1.40e-02,
49,1.60e-02,-8.00e-03,
50,1.20e-02,1.40e-02,
51,-1.60e-02,-1.20e-02,
52,-1.60e-02,1.40e-02,
53,1.60e-02,-1.00e-02,
54,-1.60e-02,1.40e-02,
55,1.60e-02,-1.00e-02,
56,-1.60e-02,1.60e-02,
57,1.60e-02,-8.00e-03,
58,-1.60e-02,-8.00e-03,
59,1.60e-02,1.60e-02,
60,-1.60e-02,-8.00e-03,
61,1.60e-02,1.40e-02,
62,-1.60e-02,-1.00e-02,
63,1.60e-02,1.60e-02,
64,-4.20e-01,2.18e-01,
65,4.72e-01,-2.54e-01,
66,-1.60e-02,-1.00e-02,
67,1.60e-02,1.40e-02,
68,-1.60e-02,1.60e-02,
69,1.60e-02,-1.00e-02,
70,-1.60e-02,1.60e-02,
71,1.60e-02,-1.00e-02,
72,1.20e-02,-8.00e-03,
73,-1.60e-02,1.60e-02,
74,-1.60e-02,1.40e-02,
75,1.20e-02,-1.00e-02,
76,1.20e-02,-1.00e-02,
77,-1.60e-02,1.60e-02,
78,-1.60e-02,1.60e-02,
79,1.20e-02,-1.00e-02,
80,-1.60e-02,-8.00e-03,
81,1.60e-02,1.60e-02,
82,1.20e-02,-8.00e-03,
83,-1.60e-02,1.40e-02,
84,-1.60e-02,-8.00e-03,
85,1.60e-02,1.40e-02,
86,-3.28e-01,2.56e-01,
87,3.04e-01,-2.54e-01,
88,1.60e-02,1.60e-02,
89,-2.00e-02,-1.00e-02,
90,-1.60e-02,1.60e-02,
91,1.60e-02,-1.00e-02,
92,-1.60e-02,-8.00e-03,
93,1.60e-02,1.60e-02,
94,-1.60e-02,1.40e-02,
95,1.60e-02,-8.00e-03,
96,-1.60e-02,1.60e-02,
97,1.60e-02,-1.00e-02,
98,-1.60e-02,-1.00e-02,
99,1.20e-02,1.60e-02,
100,-1.60e-02,-8.00e-03,
101,1.60e-02,1.60e-02,
102,-1.60e-02,-8.00e-03,
103,1.20e-02,1.60e-02,
104,1.60e-02,-8.00e-03,
105,-1.60e-02,1.60e-02,
106,1.20e-02,-8.00e-03,
107,-1.60e-02,1.60e-02,
108,1.20e-02,1.60e-02,
109,-1.60e-02,-8.00e-03,
110,1.20e-02,1.60e-02,
111,-1.60e-02,-1.00e-02,
112,-1.60e-02,-1.00e-02,
113,1.60e-02,6.60e-02,
114,3.60e-02,-2.54e-01,
115,-3.60e-01,2.56e-01,
116,4.72e-01,-2.54e-01,
117,-1.60e-02,2.56e-01,
118,1.20e-02,1.40e-02,
119,-1.60e-02,-1.00e-02,
120,-1.60e-02,-8.00e-03,
121,1.20e-02,1.60e-02,
122,-1.60e-02,1.60e-02,
123,1.60e-02,-1.00e-02,
124,-1.60e-02,-1.00e-02,
125,1.60e-02,1.60e-02,
126,-1.60e-02,-8.00e-03,
127,1.60e-02,1.60e-02,
128,1.60e-02,-8.00e-03,
129,-1.60e-02,1.40e-02,
130,-1.60e-02,1.60e-02,
131,1.60e-02,-1.00e-02,
132,-1.60e-02,-8.00e-03,
133,2.84e-01,2.56e-01,
134,-3.64e-01,-1.74e-01,
135,2.44e-01,1.60e-02,
136,1.20e-02,-8.00e-03,
137,-1.60e-02,1.60e-02,
138,1.20e-02,-8.00e-03,
139,-1.60e-02,1.60e-02,
140,1.20e-02,1.60e-02,
141,-1.60e-02,-1.00e-02,
142,1.20e-02,-8.00e-03,
143,-2.00e-02,1.60e-02,
144,1.20e-02,-8.00e-03,
145,-1.60e-02,1.40e-02,
146,1.20e-02,-1.00e-02,
147,-1.60e-02,1.60e-02,
148,-1.60e-02,1.40e-02,
149,1.60e-02,-1.00e-02,
150,1.20e-02,-8.00e-03,
151,-1.60e-02,1.40e-02,
152,-1.60e-02,1.40e-02,
153,1.60e-02,-1.00e-02,
154,-1.60e-02,-8.00e-03,
155,1.60e-02,1.60e-02,
156,1.20e-02,-8.00e-03,
157,-1.60e-02,1.60e-02,
158,1.60e-02,1.40e-02,
159,-2.00e-02,-1.00e-02,
160,-1.60e-02,-8.00e-03,
161,1.60e-02,1.40e-02,
162,1.76e-01,5.20e-02,
163,-8.40e-02,-1.00e-01,
164,-5.48e-01,2.56e-01,
165,4.72e-01,-2.54e-01,
166,-1.60e-02,-1.00e-02,
167,1.60e-02,1.40e-02,
168,-1.60e-02,-1.00e-02,
169,1.60e-02,1.60e-02,
170,-1.60e-02,1.40e-02,
171,1.60e-02,-1.00e-02,
172,-1.60e-02,1.40e-02,
173,1.60e-02,-1.00e-02,
174,-1.60e-02,-1.00e-02,
175,1.60e-02,1.60e-02,
176,-1.60e-02,1.40e-02,
177,1.60e-02,-8.00e-03,
178,1.20e-02,-1.00e-02,
179,-1.60e-02,1.40e-02,
180,1.20e-02,1.40e-02,
181,-1.60e-02,-1.00e-02,
182,-1.56e-01,2.56e-01,
183,3.20e-01,-2.54e-01,
184,1.20e-02,-1.00e-02,
185,-1.60e-02,1.60e-02,
186,-1.60e-02,-1.00e-02,
187,1.60e-02,1.60e-02,
188,1.20e-02,-1.00e-02,
189,-1.60e-02,1.60e-02,
190,1.20e-02,1.40e-02,
191,-1.60e-02,-1.00e-02,
192,-1.60e-02,-1.00e-02,
193,1.20e-02,1.40e-02,
194,-1.60e-02,-1.00e-02,
195,1.20e-02,1.40e-02,
196,-1.60e-02,-1.00e-02,
197,1.20e-02,1.60e-02,
198,-1.60e-02,-8.00e-03,
199,1.60e-02,1.40e-02,
200,1.20e-02,1.40e-02,
201,-1.60e-02,-1.00e-02,
202,-1.60e-02,1.40e-02,
203,1.20e-02,-8.00e-03,
204,1.20e-02,-1.00e-02,
205,-1.60e-02,1.60e-02,
206,-1.60e-02,-1.00e-02,
207,1.60e-02,1.60e-02,
208,1.20e-02,-1.00e-02,
209,-1.60e-02,1.60e-02,
210,3.88e-01,-1.80e-01,
211,-3.64e-01,2.34e-01,
212,1.20e-02,-1.00e-02,
213,-1.60e-02,1.60e-02,
214,1.20e-02,1.40e-02,
215,-1.60e-02,-1.00e-02,
216,1.20e-02,1.40e-02,
217,-1.60e-02,-1.00e-02,
218,-1.60e-02,-1.00e-02,
219,1.20e-02,1.60e-02,
220,1.20e-02,1.40e-02,
221,-1.60e-02,-1.00e-02,
222,-1.60e-02,1.40e-02,
223,1.60e-02,-1.00e-02,
224,1.20e-02,1.60e-02,
225,-1.60e-02,-1.00e-02,
226,1.20e-02,1.40e-02,
227,-1.60e-02,-1.00e-02,
228,-1.60e-02,1.40e-02,
229,1.60e-02,-1.00e-02,
230,-1.60e-02,1.60e-02,
231,1.60e-02,-1.00e-02,
232,3.36e-01,2.56e-01,
233,-1.44e-01,-2.54e-01,
234,-1.60e-02,-8.00e-03,
235,1.60e-02,1.40e-02,
236,-1.60e-02,-1.00e-02,
237,1.20e-02,1.60e-02,
238,1.60e-02,1.60e-02,
239,-2.00e-02,-1.00e-02,
240,-1.60e-02,-1.00e-02,
241,1.60e-02,1.40e-02,
242,-1.60e-02,-8.00e-03,
243,1.60e-02,1.60e-02,
244,1.20e-02,1.40e-02,
245,-2.00e-02,-1.00e-02,
246,-1.60e-02,1.40e-02,
247,1.20e-02,-1.00e-02,
248,-1.60e-02,-1.00e-02,
249,1.60e-02,1.40e-02,
250,-1.60e-02,1.40e-02,
251,1.20e-02,-1.00e-02,
252,-1.60e-02,1.40e-02,
253,1.60e-02,-1.00e-02,
254,-1.60e-02,-1.00e-02,
255,1.60e-02,1.60e-02,
256,-1.60e-02,1.40e-02,
257,1.60e-02,-1.00e-02,
258,-2.08e-01,-8.00e-02,
259,2.04e-01,1.06e-01,
260,-5.48e-01,-2.54e-01,
261,3.36e-01,2.56e-01,
262,-1.60e-02,-1.00e-02,
263,1.60e-02,1.60e-02,
264,-1.60e-02,1.60e-02,
265,1.60e-02,-1.00e-02,
266,-1.60e-02,-1.00e-02,
267,1.20e-02,1.60e-02,
268,-1.60e-02,1.40e-02,
269,1.20e-02,-1.00e-02,
270,-1.60e-02,1.40e-02,
271,1.60e-02,-1.00e-02,
272,1.20e-02,1.60e-02,
273,-1.60e-02,-1.00e-02,
274,1.20e-02,-1.00e-02,
275,-1.60e-02,1.60e-02,
276,-1.60e-02,1.40e-02,
277,1.20e-02,-1.00e-02,
278,1.88e-01,-1.06e-01,
279,-3.20e-02,2.26e-01,
280,-2.00e-02,-1.00e-02,
281,1.60e-02,1.60e-02,
282,-1.60e-02,1.40e-02,
283,1.20e-02,-1.00e-02,
284,-1.60e-02,-8.00e-03,
285,1.60e-02,1.60e-02,
286,-1.60e-02,1.40e-02,
287,1.60e-02,-1.00e-02,
288,1.20e-02,-1.00e-02,
289,-1.60e-02,1.60e-02,
290,1.20e-02,1.40e-02,
291,-1.60e-02,-8.00e-03,
292,1.20e-02,1.40e-02,
293,-1.60e-02,-8.00e-03,
294,-1.60e-02,1.40e-02,
295,1.20e-02,-1.00e-02,
296,-1.60e-02,1.60e-02,
297,1.60e-02,-1.00e-02,
298,-1.60e-02,-8.00e-03,
299,1.60e-02,1.60e-02,
300,1.20e-02,1.60e-02,
301,-2.00e-02,-1.00e-02,
302,1.20e-02,1.40e-02,
303,-1.60e-02,-1.00e-02,
304,-1.60e-02,1.40e-02,
305,1.60e-02,-8.00e-03,
306,4.80e-02,-5.60e-02,
307,-5.20e-02,7.00e-02,
308,4.72e-01,-2.54e-01,
309,-3.80e-01,2.56e-01,
310,-1.60e-02,-8.00e-03,
311,1.20e-02,1.40e-02,
312,1.20e-02,-1.00e-02,
313,-1.60e-02,1.60e-02,
314,-1.60e-02,-8.00e-03,
315,1.60e-02,1.60e-02,
316,1.20e-02,1.40e-02,
317,-1.60e-02,-8.00e-03,
318,1.20e-02,1.40e-02,
319,-1.60e-02,-1.00e-02,
320,1.20e-02,1.60e-02,
321,-1.60e-02,-1.00e-02,
322,-1.60e-02,-1.00e-02,
323,1.60e-02,1.60e-02,
324,-1.60e-02,-1.00e-02,
325,1.60e-02,1.60e-02,
326,1.60e-02,-8.00e-03,
327,-1.60e-02,1.40e-02,
328,3.04e-01,2.56e-01,
329,-4.76e-01,-2.54e-01,
330,1.20e-02,-1.00e-02,
331,-1.60e-02,1.60e-02,
332,1.20e-02,-8.00e-03,
333,-1.60e-02,1.60e-02,
334,-1.60e-02,-8.00e-03,
335,1.60e-02,1.60e-02,
336,-1.60e-02,1.40e-02,
337,1.20e-02,-1.00e-02,
338,-1.60e-02,-8.00e-03,
339,1.20e-02,1.60e-02,
340,-1.60e-02,-8.00e-03,
341,1.60e-02,1.40e-02,
342,-1.60e-02,1.40e-02,
343,1.60e-02,-8.00e-03,
344,-1.60e-02,1.40e-02,
345,1.60e-02,-8.00e-03,
346,-1.60e-02,-8.00e-03,
347,1.20e-02,1.60e-02,
348,-1.60e-02,-8.00e-03,
349,1.60e-02,1.60e-02,
350,1.20e-02,1.60e-02,
351,-1.60e-02,-1.00e-02,
352,1.20e-02,1.40e-02,
353,-1.60e-02,-8.00e-03,
354,2.24e-01,-2.22e-01,
355,-3.20e-01,1.96e-01,
356,-4.84e-01,-1.70e-01,
357,1.00e-01,2.56e-01,
358,-1.60e-02,-1.00e-02,
359,1.60e-02,1.60e-02,
360,-1.60e-02,-1.00e-02,
361,1.60e-02,1.60e-02,
362,1.20e-02,-1.00e-02,
363,-1.60e-02,1.60e-02,
364,1.20e-02,1.40e-02,
365,-1.60e-02,-1.00e-02,
366,-1.60e-02,-8.00e-03,
367,1.60e-02,1.60e-02,
368,-1.60e-02,-8.00e-03,
369,1.60e-02,1.60e-02,
370,1.20e-02,1.60e-02,
371,-1.60e-02,-1.00e-02,
372,-1.60e-02,1.60e-02,
373,1.60e-02,-1.00e-02,
374,1.20e-02,1.40e-02,
375,-1.60e-02,-1.00e-02,
376,-3.48e-01,-2.54e-01,
377,4.32e-01,2.56e-01,
378,1.20e-02,1.60e-02,
379,-1.60e-02,-1.00e-02,
380,1.20e-02,1.40e-02,
381,-1.60e-02,-1.00e-02,
382,-1.60e-02,-8.00e-03,
383,1.60e-02,1.60e-02,
384,-1.60e-02,-1.00e-02,
385,1.60e-02,1.60e-02,
386,-1.60e-02,1.60e-02,
387,1.60e-02,-1.00e-02,
388,-1.60e-02,1.60e-02,
389,1.60e-02,-8.00e-03,
390,1.20e-02,-8.00e-03,
391,-1.60e-02,1.40e-02,
392,-1.60e-02,1.40e-02,
393,1.60e-02,-1.00e-02,
394,1.20e-02,-8.00e-03,
395,-1.60e-02,1.60e-02,
396,-1.60e-02,-1.00e-02,
397,1.20e-02,1.60e-02,
398,1.20e-02,-8.00e-03,
399,-1.60e-02,1.60e-02,
400,-1.60e-02,1.60e-02,
401,1.60e-02,-8.00e-03,
402,-1.60e-02,1.40e-02,
403,1.60e-02,-8.00e-03,
404,-4.56e-01,-1.50e-01,
405,2.36e-01,2.46e-01,
406,-4.92e-01,-2.54e-01,
407,4.72e-01,2.56e-01,
408,-1.60e-02,1.40e-02,
409,1.60e-02,-1.00e-02,
410,-1.60e-02,-8.00e-03,
411,1.60e-02,1.40e-02,
412,-1.60e-02,1.40e-02,
413,1.20e-02,-1.00e-02,
414,1.20e-02,1.40e-02,
415,-1.60e-02,-1.00e-02,
416,-1.60e-02,1.60e-02,
417,1.60e-02,-1.00e-02,
418,-1.60e-02,1.60e-02,
419,1.60e-02,-1.00e-02,
420,-1.60e-02,1.60e-02,
421,1.60e-02,-1.00e-02,
422,1.20e-02,-8.00e-03,
423,-1.60e-02,1.40e-02,
424,2.08e-01,1.78e-01,
425,-2.36e-01,-1.54e-01,
426,-1.60e-02,-1.00e-02,
427,1.20e-02,1.60e-02,
428,-1.60e-02,1.40e-02,
429,1.60e-02,-1.00e-02,
430,1.20e-02,1.40e-02,
431,-1.60e-02,-1.00e-02,
432,-1.60e-02,1.40e-02,
433,1.20e-02,-1.00e-02,
434,1.20e-02,-1.00e-02,
435,-1.60e-02,1.40e-02,
436,1.20e-02,1.40e-02,
437,-1.60e-02,-8.00e-03,
438,1.20e-02,1.40e-02,
439,-1.60e-02,-1.00e-02,
440,1.20e-02,-8.00e-03,
441,-1.60e-02,1.40e-02,
442,-1.60e-02,1.40e-02,
443,1.60e-02,-8.00e-03,
444,1.20e-02,-8.00e-03,
445,-1.60e-02,1.60e-02,
446,-1.60e-02,-1.00e-02,
447,1.60e-02,1.60e-02,
448,-1.60e-02,1.60e-02,
449,1.60e-02,-1.00e-02,
450,-1.60e-02,1.40e-02,
451,1.60e-02,-8.00e-03,
452,6.00e-02,-1.30e-01,
453,-6.80e-02,1.10e-01,
454,3.20e-01,2.56e-01,
455,-5.00e-01,-2.54e-01,
456,-1.60e-02,1.60e-02,
457,1.60e-02,-1.00e-02,
458,-1.60e-02,1.60e-02,
459,1.60e-02,-1.00e-02,
460,1.20e-02,1.40e-02,
461,-1.60e-02,-8.00e-03,
462,-1.60e-02,-1.00e-02,
463,1.60e-02,1.60e-02,
464,1.20e-02,1.40e-02,
465,-1.60e-02,-1.00e-02,
466,-1.60e-02,-1.00e-02,
467,1.60e-02,1.60e-02,
468,-1.60e-02,-1.00e-02,
469,1.60e-02,1.40e-02,
470,1.20e-02,-1.00e-02,
471,-1.60e-02,1.40e-02,
472,1.20e-02,1.60e-02,
473,-1.60e-02,-1.00e-02,
474,2.40e-01,-2.54e-01,
475,-2.96e-01,1.90e-01,
476,1.20e-02,-1.00e-02,
477,-1.60e-02,1.40e-02,
478,1.20e-02,1.40e-02,
479,-1.60e-02,-1.00e-02,
480,-1.60e-02,1.40e-02,
481,1.20e-02,-1.00e-02,
482,-1.60e-02,1.40e-02,
483,1.60e-02,-1.00e-02,
484,-1.60e-02,1.40e-02,
485,1.60e-02,-1.00e-02,
486,1.20e-02,1.60e-02,
487,-1.60e-02,-8.00e-03,
488,1.20e-02,-8.00e-03,
489,-1.60e-02,1.40e-02,
490,-1.60e-02,1.40e-02,
491,1.60e-02,-1.00e-02,
492,1.20e-02,-8.00e-03,
493,-1.60e-02,1.40e-02,
494,-1.60e-02,-1.00e-02,
495,1.60e-02,1.60e-02,
496,1.20e-02,1.60e-02,
497,-1.60e-02,-1.00e-02,
498,1.20e-02,1.40e-02,
499,-1.60e-02,-1.00e-02,
500,4.72e-01,2.56e-01,
501,-4.36e-01,-2.54e-01,
502,-1.60e-02,1.40e-02,
503,1.60e-02,-1.00e-02,
504,1.20e-02,1.40e-02,
505,-1.60e-02,-1.00e-02,
506,1.20e-02,-8.00e-03,
507,-1.60e-02,1.40e-02,
508,-1.60e-02,1.60e-02,
509,1.60e-02,-1.00e-02,
510,1.20e-02,1.40e-02,
511,-1.60e-02,-1.00e-02,
512,1.20e-02,1.40e-02,
513,-1.60e-02,-1.00e-02,
514,1.60e-02,1.40e-02,
515,-1.60e-02,-1.00e-02,
516,1.20e-02,-1.00e-02,
517,-1.60e-02,1.40e-02,
518,1.20e-02,-1.00e-02,
519,-1.60e-02,1.60e-02,
520,1.20e-02,1.60e-02,
521,-1.60e-02,-1.00e-02,
522,4.72e-01,-2.54e-01,
523,-2.84e-01,2.56e-01,
524,-1.60e-02,1.60e-02,
525,1.60e-02,-1.00e-02,
526,-1.60e-02,-8.00e-03,
527,1.60e-02,1.60e-02,
528,-1.60e-02,1.40e-02,
529,1.60e-02,-1.00e-02,
530,1.20e-02,1.60e-02,
531,-1.60e-02,-1.00e-02,
532,-1.60e-02,-1.00e-02,
533,1.60e-02,1.60e-02,
534,1.20e-02,-8.00e-03,
535,-1.60e-02,1.60e-02,
536,-1.60e-02,-1.00e-02,
537,1.60e-02,1.60e-02,
538,1.60e-02,-1.00e-02,
539,-1.60e-02,1.40e-02,
540,-1.60e-02,-1.00e-02,
541,1.60e-02,1.60e-02,
542,1.20e-02,-1.00e-02,
543,-1.60e-02,1.60e-02,
544,-1.60e-02,-8.00e-03,
545,1.60e-02,1.60e-02,
546,-1.60e-02,1.40e-02,
547,1.60e-02,-1.00e-02,
548,-1.32e-01,-2.10e-01,
549,1.20e-01,1.42e-01,
550,-4.52e-01,-2.54e-01,
551,4.72e-01,2.56e-01,
552,-1.60e-02,1.40e-02,
553,1.60e-02,-1.00e-02,
554,1.20e-02,-1.00e-02,
555,-1.60e-02,1.60e-02,
556,1.20e-02,-8.00e-03,
557,-1.60e-02,1.60e-02,
558,1.20e-02,-1.00e-02,
559,-1.60e-02,1.40e-02,
560,1.20e-02,1.60e-02,
561,-1.60e-02,-1.00e-02,
562,1.60e-02,-8.00e-03,
563,-1.60e-02,1.60e-02,
564,1.20e-02,-8.00e-03,
565,-1.60e-02,1.60e-02,
566,1.60e-02,-8.00e-03,
567,-1.60e-02,1.60e-02,
568,-1.00e-01,-4.40e-02,
569,1.20e-01,8.00e-02,
570,1.60e-02,-8.00e-03,
571,-1.60e-02,1.60e-02,
572,-1.60e-02,-8.00e-03,
573,1.60e-02,1.60e-02,
574,-1.60e-02,1.60e-02,
575,1.60e-02,-1.00e-02,
576,1.20e-02,-8.00e-03,
577,-1.60e-02,1.40e-02,
578,1.20e-02,1.40e-02,
579,-1.60e-02,-1.00e-02,
580,-1.60e-02,1.40e-02,
581,1.60e-02,-1.00e-02,
582,-1.60e-02,-8.00e-03,
583,1.20e-02,1.60e-02,
584,1.20e-02,1.60e-02,
585,-1.60e-02,-1.00e-02,
586,1.60e-02,-1.00e-02,
587,-1.60e-02,1.40e-02,
588,-1.60e-02,1.40e-02,
589,1.60e-02,-1.00e-02,
590,-1.60e-02,-1.00e-02,
591,1.60e-02,1.60e-02,
592,-1.60e-02,-8.00e-03,
593,1.20e-02,1.60e-02,
594,-1.60e-02,1.40e-02,
595,1.20e-02,-1.00e-02,
596,-1.60e-02,-8.00e-03,
597,1.60e-02,1.40e-02,
598,-5.60e-02,6.20e-02,
599,4.72e-01,-2.54e-01,
600,-5.48e-01,2.56e-01,
601,4.04e-01,-2.54e-01,
602,1.20e-02,-8.00e-03,
603,-1.60e-02,1.60e-02,
604,1.20e-02,1.60e-02,
605,-1.60e-02,-1.00e-02,
606,1.20e-02,-8.00e-03,
607,-1.60e-02,1.40e-02,
608,1.20e-02,-1.00e-02,
609,-1.60e-02,1.60e-02,
610,-1.60e-02,1.60e-02,
611,1.60e-02,-1.00e-02,
612,1.60e-02,-8.00e-03,
613,-2.00e-02,1.60e-02,
614,1.20e-02,-8.00e-03,
615,-1.60e-02,1.60e-02,
616,-1.60e-02,1.60e-02,
617,1.60e-02,-1.00e-02,
618,1.92e-01,-2.54e-01,
619,-3.12e-01,2.56e-01,
620,1.20e-02,1.60e-02,
621,-1.60e-02,-1.00e-02,
622,-1.60e-02,1.40e-02,
623,1.60e-02,-1.00e-02,
624,-1.60e-02,1.40e-02,
625,1.60e-02,-1.00e-02,
626,-1.60e-02,1.40e-02,
627,1.60e-02,-1.00e-02,
628,-1.60e-02,-8.00e-03,
629,1.60e-02,1.60e-02,
630,1.20e-02,-8.00e-03,
631,-1.60e-02,1.60e-02,
632,1.20e-02,1.40e-02,
633,-1.60e-02,-1.00e-02,
634,-1.60e-02,-8.00e-03,
635,1.60e-02,1.40e-02,
636,1.20e-02,1.60e-02,
637,-1.60e-02,-1.00e-02,
638,-1.60e-02,1.40e-02,
639,1.60e-02,-1.00e-02,
640,-1.60e-02,1.40e-02,
641,1.60e-02,-1.00e-02,
642,-1.60e-02,-1.00e-02,
643,1.60e-02,1.40e-02,
644,1.20e-02,1.60e-02,
645,-1.60e-02,-1.80e-02,
646,-5.00e-01,2.56e-01,
647,4.72e-01,-2.14e-01,
648,-1.60e-02,-1.00e-02,
649,1.60e-02,1.40e-02,
650,-1.60e-02,1.40e-02,
651,1.60e-02,-1.00e-02,
652,1.20e-02,-1.00e-02,
653,-1.60e-02,1.60e-02,
654,1.20e-02,1.40e-02,
655,-1.60e-02,-1.00e-02,
656,1.20e-02,-8.00e-03,
657,-1.60e-02,1.40e-02,
658,-1.60e-02,1.40e-02,
659,1.60e-02,-1.00e-02,
660,-1.60e-02,1.40e-02,
661,1.60e-02,-8.00e-03,
662,-1.60e-02,1.60e-02,
663,1.60e-02,-1.00e-02,
664,1.20e-02,-8.00e-03,
665,-1.60e-02,1.40e-02,
666,1.20e-02,1.40e-02,
667,-1.60e-02,-1.00e-02,
668,3.24e-01,2.56e-01,
669,-3.08e-01,-2.54e-01,
670,-1.60e-02,-1.00e-02,
671,1.60e-02,1.60e-02,
672,-1.60e-02,-8.00e-03,
673,1.60e-02,1.40e-02,
674,1.20e-02,1.40e-02,
675,-1.60e-02,-1.00e-02,
676,-1.60e-02,1.40e-02,
677,1.60e-02,-8.00e-03,
678,-1.60e-02,-8.00e-03,
679,1.20e-02,1.60e-02,
680,-1.60e-02,1.40e-02,
681,1.20e-02,-1.00e-02,
682,-1.60e-02,-8.00e-03,
683,1.60e-02,1.60e-02,
684,-1.60e-02,-1.00e-02,
685,1.20e-02,1.40e-02,
686,-1.60e-02,-1.00e-02,
687,1.20e-02,1.60e-02,
688,1.60e-02,1.60e-02,
689,-2.00e-02,-1.00e-02,
690,-1.60e-02,-1.00e-02,
691,1.60e-02,1.40e-02,
692,1.20e-02,1.60e-02,
693,-1.60e-02,-8.00e-03,
694,-1.24e-01,1.82e-01,
695,1.12e-01,-1.28e-01,
696,-4.40e-01,-2.54e-01,
697,4.08e-01,2.56e-01,
698,-1.60e-02,1.40e-02,
699,1.60e-02,-1.00e-02,
700,1.60e-02,1.40e-02,
701,-1.60e-02,-1.00e-02,
702,1.20e-02,1.40e-02,
703,-1.60e-02,-1.00e-02,
704,-1.60e-02,1.60e-02,
705,1.60e-02,-1.00e-02,
706,-1.60e-02,1.40e-02,
707,1.60e-02,-1.00e-02,
708,-1.60e-02,-1.00e-02,
709,1.60e-02,1.40e-02,
710,-1.60e-02,1.60e-02,
711,1.60e-02,-1.00e-02,
712,1.20e-02,-1.00e-02,
713,-1.60e-02,1.60e-02,
714,7.20e-02,9.80e-02,
715,-1.84e-01,-8.60e-02,
716,-1.60e-02,-8.00e-03,
717,1.20e-02,1.60e-02,
718,-1.60e-02,1.40e-02,
719,1.60e-02,-1.00e-02,
720,1.20e-02,-8.00e-03,
721,-1.60e-02,1.60e-02,
722,-1.60e-02,1.60e-02,
723,1.60e-02,-8.00e-03,
724,1.20e-02,-8.00e-03,
725,-1.60e-02,1.40e-02,
726,-1.60e-02,1.40e-02,
727,1.60e-02,-1.00e-02,
728,1.20e-02,-8.00e-03,
729,-1.60e-02,1.60e-02,
730,-1.60e-02,1.60e-02,
731,1.60e-02,-1.00e-02,
732,-1.60e-02,-1.00e-02,
733,1.60e-02,1.60e-02,
734,1.20e-02,-1.00e-02,
735,-1.60e-02,1.60e-02,
736,-1.60e-02,1.60e-02,
737,1.60e-02,-1.00e-02,
738,1.20e-02,1.60e-02,
739,-1.60e-02,-1.00e-02,
740,-1.60e-02,-1.00e-02,
741,1.60e-02,1.60e-02,
742,-4.80e-02,7.20e-02,
743,4.40e-02,-6.00e-02,
744,-5.48e-01,-2.54e-01,
745,4.72e-01,2.56e-01,
746,-1.60e-02,-1.00e-02,
747,1.60e-02,1.60e-02,
748,-1.60e-02,1.40e-02,
749,1.60e-02,-1.00e-02,
750,-1.60e-02,-8.00e-03,
751,1.20e-02,1.40e-02,
752,1.20e-02,-1.00e-02,
753,-1.60e-02,1.40e-02,
754,-1.60e-02,1.40e-02,
755,1.60e-02,-1.00e-02,
756,-1.60e-02,1.40e-02,
757,1.20e-02,-1.00e-02,
758,-1.60e-02,1.40e-02,
759,1.60e-02,-1.00e-02,
760,-1.60e-02,1.40e-02,
761,1.60e-02,-1.00e-02,
762,-1.60e-02,1.40e-02,
763,1.20e-02,-1.00e-02,
764,-2.72e-01,-1.66e-01,
765,2.72e-01,2.56e-01,
766,1.20e-02,1.60e-02,
767,-1.60e-02,-1.00e-02,
768,-1.60e-02,-1.00e-02,
769,1.60e-02,1.60e-02,
770,1.20e-02,1.40e-02,
771,-1.60e-02,-1.00e-02,
772,1.20e-02,1.40e-02,
773,-1.60e-02,-1.00e-02,
774,1.20e-02,1.40e-02,
775,-1.60e-02,-1.00e-02,
776,-1.60e-02,1.40e-02,
777,1.60e-02,-1.00e-02,
778,-1.60e-02,-1.00e-02,
779,1.60e-02,1.40e-02,
780,-1.60e-02,1.40e-02,
781,1.60e-02,-1.00e-02,
782,1.20e-02,1.40e-02,
783,-1.60e-02,-1.00e-02,
784,1.20e-02,-1.00e-02,
785,-1.60e-02,1.60e-02,
786,-1.60e-02,1.40e-02,
787,1.60e-02,-1.00e-02,
788,-1.60e-02,1.40e-02,
789,1.20e-02,-1.00e-02,
790,-4.76e-01,2.56e-01,
791,2.16e-01,-2.06e-01,
792,-1.60e-02,-1.00e-02,
793,1.60e-02,1.60e-02,
794,-1.60e-02,1.40e-02,
795,1.60e-02,-1.00e-02,
796,1.20e-02,1.40e-02,
797,-1.60e-02,-1.00e-02,
798,1.20e-02,1.40e-02,
799,-1.60e-02,-1.00e-02,
800,1.20e-02,1.40e-02,
801,-1.60e-02,-1.00e-02,
802,-1.60e-02,1.40e-02,
803,1.60e-02,-1.00e-02,
804,1.20e-02,1.60e-02,
805,-1.60e-02,-1.00e-02,
806,1.20e-02,-1.00e-02,
807,-1.60e-02,1.60e-02,
808,1.20e-02,1.40e-02,
809,-1.60e-02,-1.00e-02,
810,-1.60e-02,-1.00e-02,
811,1.60e-02,1.40e-02,
812,-4.24e-01,2.56e-01,
813,4.72e-01,-2.54e-01,
814,1.20e-02,1.40e-02,
815,-1.60e-02,-1.00e-02,
816,-1.60e-02,-1.00e-02,
817,1.20e-02,1.40e-02,
818,1.20e-02,1.40e-02,
819,-1.60e-02,-1.20e-02,
820,1.20e-02,1.40e-02,
821,-1.60e-02,-1.00e-02,
822,1.20e-02,-1.00e-02,
823,-1.60e-02,1.40e-02,
824,-1.60e-02,-1.00e-02,
825,1.60e-02,1.40e-02,
826,1.20e-02,1.60e-02,
827,-1.60e-02,-1.00e-02,
828,-1.60e-02,-1.00e-02,
829,1.60e-02,1.60e-02,
830,1.20e-02,-1.00e-02,
831,-1.60e-02,1.40e-02,
832,-1.60e-02,-1.00e-02,
833,1.20e-02,1.60e-02,
834,1.20e-02,1.40e-02,
835,-1.60e-02,-1.00e-02,
836,-1.60e-02,1.20e-02,
837,1.20e-02,-1.00e-02,
838,2.92e-01,2.56e-01,
839,-1.96e-01,-1.52e-01,
840,4.72e-01,-2.54e-01,
841,-5.48e-01,2.56e-01,
842,1.60e-02,1.40e-02,
843,-1.60e-02,-1.00e-02,
844,-1.60e-02,-1.00e-02,
845,1.60e-02,1.40e-02,
846,1.20e-02,-1.00e-02,
847,-1.60e-02,1.40e-02,
848,-1.60e-02,1.40e-02,
849,1.60e-02,-1.00e-02,
850,1.20e-02,1.40e-02,
851,-1.60e-02,-1.00e-02,
852,1.20e-02,1.40e-02,
853,-1.60e-02,-1.00e-02,
854,1.20e-02,-1.00e-02,
855,-1.60e-02,1.40e-02,
856,1.20e-02,1.40e-02,
857,-1.60e-02,-1.00e-02,
858,-1.36e-01,1.44e-01,
859,1.64e-01,-1.50e-01,
860,-1.60e-02,1.40e-02,
861,1.60e-02,-1.00e-02,
862,-1.60e-02,1.40e-02,
863,1.60e-02,-1.00e-02,
864,1.20e-02,1.40e-02,
865,-1.60e-02,-1.00e-02,
866,-1.60e-02,1.40e-02,
867,1.20e-02,-1.00e-02,
868,1.20e-02,-8.00e-03,
869,-1.60e-02,1.40e-02,
870,1.20e-02,1.40e-02,
871,-1.60e-02,-1.00e-02,
872,-1.60e-02,1.60e-02,
873,1.20e-02,-1.00e-02,
874,-1.60e-02,-1.00e-02,
875,1.20e-02,1.40e-02,
876,1.20e-02,1.40e-02,
877,-1.60e-02,-1.00e-02,
878,1.20e-02,-1.00e-02,
879,-1.60e-02,1.40e-02,
880,1.20e-02,1.40e-02,
881,-1.60e-02,-1.00e-02,
882,1.20e-02,1.40e-02,
883,-1.60e-02,-1.00e-02,
884,-1.60e-02,-8.00e-03,
885,1.60e-02,1.60e-02,
886,-1.60e-02,-1.00e-02,
887,1.20e-02,1.60e-02,
888,-1.24e-01,-1.20e-01,
889,1.68e-01,2.20e-01,
890,4.72e-01,-2.54e-01,
891,-4.96e-01,2.56e-01,
892,1.20e-02,1.40e-02,
893,-1.60e-02,-1.00e-02,
894,1.20e-02,1.40e-02,
895,-1.60e-02,-1.00e-02,
896,-1.60e-02,-1.00e-02,
897,1.20e-02,1.40e-02,
898,1.20e-02,-8.00e-03,
899,-1.60e-02,1.40e-02,
900,1.20e-02,-8.00e-03,
901,-1.60e-02,1.60e-02,
902,-1.60e-02,-1.00e-02,
903,1.60e-02,1.60e-02,
904,-1.60e-02,-8.00e-03,
905,1.60e-02,1.40e-02,
906,1.20e-02,1.60e-02,
907,-2.00e-02,-1.00e-02,
908,-1.24e-01,2.56e-01,
909,2.80e-01,-2.54e-01,
910,1.20e-02,-8.00e-03,
911,-1.60e-02,1.40e-02,
912,-1.60e-02,-1.00e-02,
913,1.60e-02,1.60e-02,
914,1.20e-02,-8.00e-03,
915,-1.60e-02,1.60e-02,
916,1.60e-02,1.40e-02,
917,-1.60e-02,-8.00e-03,
918,1.20e-02,-1.00e-02,
919,-1.60e-02,1.60e-02,
920,-1.60e-02,-8.00e-03,
921,1.20e-02,1.60e-02,
922,-1.60e-02,1.60e-02,
923,1.60e-02,-8.00e-03,
924,1.20e-02,-1.00e-02,
925,-1.60e-02,1.60e-02,
926,-1.60e-02,1.40e-02,
927,1.20e-02,-8.00e-03,
928,1.20e-02,-8.00e-03,
929,-1.60e-02,1.60e-02,
930,-1.60e-02,1.60e-02,
931,1.60e-02,-1.00e-02,
932,-1.60e-02,1.60e-02,
933,1.20e-02,-1.00e-02,
934,-1.60e-02,1.60e-02,
935,1.20e-02,-1.00e-02,
936,-4.28e-01,-1.66e-01,
937,3.92e-01,2.20e-01,
938,1.20e-02,-8.00e-03,
939,-1.60e-02,1.60e-02,
940,1.20e-02,1.60e-02,
941,-1.60e-02,-1.00e-02,
942,-1.60e-02,1.60e-02,
943,1.20e-02,-1.00e-02,
944,-1.60e-02,1.60e-02,
945,1.60e-02,-1.00e-02,
946,-1.60e-02,1.40e-02,
947,1.60e-02,-1.00e-02,
948,1.20e-02,-1.00e-02,
949,-1.60e-02,1.40e-02,
950,1.20e-02,1.40e-02,
951,-1.60e-02,-1.00e-02,
952,1.20e-02,-1.00e-02,
953,-1.60e-02,1.40e-02,
954,-1.60e-02,-8.00e-03,
955,1.20e-02,1.40e-02,
956,-1.60e-02,-1.00e-02,
957,1.20e-02,1.40e-02,
958,1.92e-01,-2.54e-01,
959,-5.00e-01,2.56e-01,
960,-1.60e-02,-8.00e-03,
961,1.60e-02,1.60e-02,
962,1.20e-02,1.40e-02,
963,-1.60e-02,-8.00e-03,
964,-1.60e-02,-1.00e-02,
965,1.60e-02,1.60e-02,
966,-1.60e-02,-1.00e-02,
967,1.60e-02,1.60e-02,
968,1.60e-02,1.40e-02,
969,-1.60e-02,-1.00e-02,
970,1.20e-02,-8.00e-03,
971,-1.60e-02,1.60e-02,
972,1.20e-02,-8.00e-03,
973,-1.60e-02,1.40e-02,
974,1.20e-02,-8.00e-03,
975,-1.60e-02,1.60e-02,
976,1.20e-02,1.40e-02,
977,-1.60e-02,-1.00e-02,
978,1.20e-02,-1.00e-02,
979,-1.60e-02,1.60e-02,
980,1.20e-02,-1.00e-02,
981,-1.60e-02,1.40e-02,
982,1.20e-02,1.40e-02,
983,-1.60e-02,-1.00e-02,
984,4.72e-01,-1.30e-01,
985,-4.44e-01,1.12e-01,
986,4.16e-01,-2.54e-01,
987,-4.36e-01,2.56e-01,
988,-1.60e-02,-1.00e-02,
989,1.60e-02,1.40e-02,
990,-1.60e-02,1.40e-02,
991,1.20e-02,-1.00e-02,
992,-1.60e-02,1.40e-02,
993,1.60e-02,-1.00e-02,
994,1.20e-02,-1.00e-02,
995,-1.60e-02,1.40e-02,
996,1.20e-02,1.60e-02,
997,-1.60e-02,-1.00e-02,
998,-1.60e-02,1.40e-02,
999,1.60e-02,-1.00e-02,
1000,1.20e-02,-8.00e-03,
1001,-1.60e-02,1.60e-02,
1002,-1.60e-02,-1.00e-02,
1003,1.20e-02,1.60e-02,
1004,-2.04e-01,1.88e-01,
1005,2.20e-01,-1.02e-01,
1006,1.20e-02,-8.00e-03,
1007,-1.60e-02,1.40e-02,
1008,1.20e-02,1.40e-02,
1009,-1.60e-02,-1.00e-02,
1010,-1.60e-02,1.40e-02,
1011,1.60e-02,-8.00e-03,
1012,-1.60e-02,1.60e-02,
1013,1.60e-02,-8.00e-03,
1014,-1.60e-02,1.40e-02,
1015,1.20e-02,-8.00e-03,
1016,1.20e-02,1.40e-02,
1017,-1.60e-02,-1.00e-02,
1018,1.20e-02,-1.00e-02,
1019,-1.60e-02,1.60e-02,
1020,-1.60e-02,-8.00e-03,
1021,1.20e-02,1.40e-02,
1022,1.20e-02,1.40e-02,
1023,-1.60e-02,-1.00e-02,
1024,1.60e-02,1.40e-02,
1025,-1.60e-02,-1.00e-02,
1026,-1.60e-02,1.40e-02,
1027,1.60e-02,-1.00e-02,
1028,-1.60e-02,1.40e-02,
1029,1.20e-02,-1.00e-02,
1030,-1.60e-02,1.40e-02,
1031,1.60e-02,-1.00e-02,
1032,-2.40e-02,-4.20e-02,
1033,7.20e-02,7.80e-02,
1034,4.72e-01,2.56e-01,
1035,-3.96e-01,-2.54e-01,
1036,-1.60e-02,1.40e-02,
1037,1.60e-02,-1.00e-02,
1038,-1.60e-02,1.40e-02,
1039,1.60e-02,-1.00e-02,
1040,-1.60e-02,-1.00e-02,
1041,1.60e-02,1.40e-02,
1042,-1.60e-02,-1.00e-02,
1043,1.20e-02,1.40e-02,
1044,1.20e-02,1.40e-02,
1045,-1.60e-02,-1.00e-02,
1046,-1.60e-02,-1.00e-02,
1047,1.20e-02,1.40e-02,
1048,1.20e-02,1.60e-02,
1049,-1.60e-02,-1.00e-02,
1050,-1.60e-02,1.40e-02,
1051,1.20e-02,-1.00e-02,
1052,-1.60e-02,1.40e-02,
1053,1.20e-02,-1.00e-02,
1054,-2.76e-01,-2.54e-01,
1055,3.00e-01,2.56e-01,
1056,-1.60e-02,1.40e-02,
1057,1.60e-02,-1.00e-02,
1058,-1.60e-02,1.40e-02,
1059,1.60e-02,-1.00e-02,
1060,1.20e-02,1.40e-02,
1061,-1.60e-02,-1.00e-02,
1062,-1.60e-02,1.40e-02,
1063,1.20e-02,-1.00e-02,
1064,1.20e-02,-8.00e-03,
1065,-1.60e-02,1.40e-02,
1066,1.20e-02,1.40e-02,
1067,-1.60e-02,-1.00e-02,
1068,1.20e-02,1.40e-02,
1069,-1.60e-02,-1.00e-02,
1070,-1.60e-02,1.40e-02,
1071,1.20e-02,-1.00e-02,
1072,1.20e-02,-8.00e-03,
1073,-1.60e-02,1.40e-02,
1074,-1.60e-02,1.40e-02,
1075,1.60e-02,-1.00e-02,
1076,-1.60e-02,1.60e-02,
1077,1.60e-02,-8.00e-03,
1078,1.20e-02,-1.00e-02,
1079,-1.60e-02,1.60e-02,
1080,-5.48e-01,2.56e-01,
1081,4.72e-01,-2.54e-01,
1082,1.60e-02,-1.00e-02,
1083,-1.60e-02,1.40e-02,
1084,1.20e-02,1.40e-02,
1085,-1.60e-02,-1.00e-02,
1086,-1.60e-02,-1.00e-02,
1087,1.60e-02,1.60e-02,
1088,1.20e-02,-1.00e-02,
1089,-1.60e-02,1.60e-02,
1090,1.20e-02,1.60e-02,
1091,-1.60e-02,-1.00e-02,
1092,1.20e-02,-1.00e-02,
1093,-1.60e-02,1.60e-02,
1094,1.20e-02,1.40e-02,
1095,-1.60e-02,-1.00e-02,
1096,-1.60e-02,1.60e-02,
1097,1.60e-02,-1.00e-02,
1098,1.20e-02,1.40e-02,
1099,-1.60e-02,-1.00e-02,
1100,-1.60e-02,1.40e-02,
1101,1.20e-02,-1.00e-02,
1102,-3.20e-01,2.56e-01,
1103,3.96e-01,-2.54e-01,
1104,1.20e-02,-1.00e-02,
1105,-1.60e-02,1.60e-02,
1106,-1.60e-02,1.40e-02,
1107,1.60e-02,-1.00e-02,
1108,1.20e-02,1.40e-02,
1109,-1.60e-02,-1.00e-02,
1110,1.20e-02,1.40e-02,
1111,-1.60e-02,-1.00e-02,
1112,-1.60e-02,1.40e-02,
1113,1.20e-02,-1.00e-02,
1114,-1.60e-02,1.40e-02,
1115,1.60e-02,-1.00e-02,
1116,-1.60e-02,1.40e-02,
1117,1.20e-02,-1.00e-02,
1118,1.20e-02,1.60e-02,
1119,-1.60e-02,-1.00e-02,
1120,1.20e-02,1.40e-02,
1121,-1.60e-02,-1.00e-02,
1122,1.20e-02,-8.00e-03,
1123,-1.60e-02,1.40e-02,
1124,1.20e-02,1.40e-02,
1125,-1.60e-02,-1.00e-02,
1126,1.20e-02,1.40e-02,
1127,-1.60e-02,-1.00e-02,
1128,2.36e-01,2.56e-01,
1129,-4.52e-01,-2.54e-01,
1130,4.24e-01,2.56e-01,
1131,-3.92e-01,-2.54e-01,
1132,-3.00e-01,-2.16e-01,
1133,1.52e-01,1.40e-01,
1134,1.20e-02,1.40e-02,
1135,-1.60e-02,-1.00e-02,
1136,-1.60e-02,-1.00e-02,
1137,1.20e-02,1.40e-02,
1138,1.20e-02,1.60e-02,
1139,-1.60e-02,-1.00e-02,
1140,-1.60e-02,-8.00e-03,
1141,1.20e-02,1.40e-02,
1142,1.20e-02,-1.00e-02,
1143,-2.00e-02,1.60e-02,
1144,1.20e-02,1.40e-02,
1145,-2.00e-02,-1.00e-02,
1146,1.20e-02,-8.00e-03,
1147,-2.00e-02,1.40e-02,
1148,1.92e-01,-1.36e-01,
1149,-4.80e-02,2.32e-01,
1150,-2.00e-02,1.40e-02,
1151,1.20e-02,-1.00e-02,
1152,-1.60e-02,1.40e-02,
1153,1.60e-02,-1.00e-02,
1154,1.20e-02,1.40e-02,
1155,-2.00e-02,-1.00e-02,
1156,1.20e-02,1.40e-02,
1157,-1.60e-02,-1.00e-02,
1158,-1.60e-02,1.40e-02,
1159,1.20e-02,-1.00e-02,
1160,-1.60e-02,1.40e-02,
1161,1.60e-02,-1.00e-02,
1162,1.20e-02,1.40e-02,
1163,-1.60e-02,-1.00e-02,
1164,1.20e-02,1.40e-02,
1165,-1.60e-02,-1.00e-02,
1166,1.20e-02,1.40e-02,
1167,-1.60e-02,-1.00e-02,
1168,1.20e-02,1.40e-02,
1169,-1.60e-02,-8.00e-03,
1170,1.20e-02,1.60e-02,
1171,-1.60e-02,-1.00e-02,
1172,-1.60e-02,-8.00e-03,
1173,1.60e-02,1.40e-02,
1174,1.20e-02,-8.00e-03,
1175,-1.60e-02,1.60e-02,
1176,1.20e-02,-1.00e-02,
1177,-1.60e-02,1.40e-02,
1178,-6.80e-02,6.40e-02,
1179,6.80e-02,-6.00e-02,
1180,4.72e-01,-2.54e-01,
1181,-5.48e-01,2.56e-01,
1182,1.20e-02,-1.00e-02,
1183,-1.60e-02,1.60e-02,
1184,-1.60e-02,1.40e-02,
1185,1.60e-02,-1.00e-02,
1186,-1.60e-02,1.40e-02,
1187,1.20e-02,-1.00e-02,
1188,1.20e-02,1.40e-02,
1189,-1.60e-02,-1.00e-02,
1190,1.20e-02,1.40e-02,
1191,-1.60e-02,-1.00e-02,
1192,1.20e-02,1.40e-02,
1193,-1.60e-02,-1.00e-02,
1194,1.20e-02,1.40e-02,
1195,-1.60e-02,-1.00e-02,
1196,-1.60e-02,1.40e-02,
1197,1.60e-02,-1.00e-02,
1198,-3.48e-01,-2.24e-01,
1199,2.84e-01,2.56e-01,
